Sku 2026,Jan,Feb,Mar,Apr,May,Jun,Jul,Aug,Sept,Oct,Nov,Dec,TOTAL SALES,Avg per mo,On Hand 1/1/25,Months of supply,
4560-TRF,10,10,6,5,9,,,,,,,,,,,,
4570-WHT,4,8,1,0,0,,,,,,,,,,,,
5000-002,8,9,11,7,12,,,,,,,,,,,,
5000-163,19,1,0,4,6,,,,,,,,,,,,
5020-002,5,6,5,5,1,,,,,,,,,,,,
5020-163,21,13,18,18,17,,,,,,,,,,,,
5020-166,10,0,5,4,2,,,,,,,,,,,,
6002-155,1,1,2,1,5,,,,,,,,,,,,
6002-002,0,0,4,2,2,,,,,,,,,,,,
6002-163,11,6,18,8,6,,,,,,,,,,,,
6002-165,5,5,4,3,9,,,,,,,,,,,,
NR100121-PBS-EP Julian,1,6,4,0,11,,,,,,,,,,,,
NR100122-PCS-EP Julian,6,6,18,4,11,,,,,,,,,,,,
NR100123-PBS-EP Julian,7,4,8,12,4,,,,,,,,,,,,
NR100124-PCS-EP Julian,5,17,10,14,11,,,,,,,,,,,,
NR100127-PBS-EP Julian,11,12,7,4,3,,,,,,,,,,,,
NR100128-PCS-EP Julian,16,13,11,12,22,,,,,,,,,,,,
NR100132-PCS-EP Julian,14,4,10,4,15,,,,,,,,,,,,
NR100131-PBS-EP Julian,6,7,8,3,3,,,,,,,,,,,,
NR100134-FCS-AW Zoey,41,50,40,51,62,,,,,,,,,,,,
NR100133-FBS-AW Zoey,19,5,12,5,19,,,,,,,,,,,,
NR100151-FBS-WN,4,14,12,7,5,,,,,,,,,,,,
NR100152-FCS-WN,22,23,13,10,8,,,,,,,,,,,,
NR100153-FBS-WG,23,7,12,3,11,,,,,,,,,,,,
NR100154-FCS-WG,20,16,39,25,46,,,,,,,,,,,,
NR1004PU-17MH  Chapman Universal,299,226,353,67,6,,,,,,,,,,,,
NR1004FU-18AW Chapman Universal,90,60,111,57,57,,,,,,,,,,,,
NR1004FU-20OA Chapman Universal ,0,0,5,11,8,,,,,,,,,,,,
NR1004FU-19GR Chapman Universal ,66,91,75,30,0,,,,,,,,,,,,
NR1004  Black Chapman Universal,0,0,0,,,,,,,,,,,,,,
NR1004 Caramel Chapman Universal,0,0,0,,,,,,,,,,,,,,
NR104852-FCS-HS,30,22,20,10,24,,,,,,,,,,,,
NR104854-FCS-DI,11,5,8,8,9,,,,,,,,,,,,
NR1048FC-05-AW Avery,11,14,5,20,14,,,,,,,,,,,,
NR1048FC-06-AW Avery,19,43,42,49,37,,,,,,,,,,,,
NR107162-FUN-OA  Backless Universal,10,13,77,30,59,,,,,,,,,,,,
NR107161-FUN-GR  Backless Universal,7,6,11,7,27,,,,,,,,,,,,
NR107181/182  Backless Universal,77,73,119,39,64,,,,,,,,,,,,
NR107183/184  Backless Universal,63,107,106,33,72,,,,,,,,,,,,
NR107  Black Backless Universal,0,0,0,10,22,,,,,,,,,,,,
NR107 Caramel Backless Universal,0,0,0,,,,,,,,,,,,,,
NR326708-MMT-AS,12,11,12,10,10,,,,,,,,,,,,
NR326708-MMT-BZ,45,14,2,0,0,,,,,,,,,,,,
NR326708-MMT-BLK,8,11,33,33,41,,,,,,,,,,,,
NR1105FB-01BZ  Mina,18,15,53,8,0,,,,,,,,,,,,
NR1005FC-02BZ  Mina,59,100,64,85,53,,,,,,,,,,,,
NR1108PU-02MH  Manchester,18,17,16,20,14,,,,,,,,,,,,
NR1108FU-01AW  Manchester,7,7,13,0,5,,,,,,,,,,,,
NR1101PB-01AW  Ellis,8,0,0,5,0,,,,,,,,,,,,
NR1101PC-02AW  Ellis,10,14,0,5,4,,,,,,,,,,,,
NR111801-FUN-AW  Emily,30,22,29,14,9,,,,,,,,,,,,
NR111802-FUN-GR  Emily,26,10,7,10,3,,,,,,,,,,,,
NR112701-FUN-AW Tiffany,18,10,15,2,21,,,,,,,,,,,,
NR112702-PUN-MH  Tiffany,0,4,0,2,10,,,,,,,,,,,,
NR113101-FUN-AW Charleston,6,4,2,10,22,,,,,,,,,,,,
NR113102-FUN-GR Charleston,1,4,2,10,4,,,,,,,,,,,,
NR105553-FBS-AW  Stella,0,0,0,0,0,,,,,,,,,,,,
NR105554-FCS-AW  Stella,3,2,0,0,0,,,,,,,,,,,,
NR111701-PBS-AW Pasha,0,10,1,2,6,,,,,,,,,,,,
NR111702-PCS-AW Pasha,0,4,3,2,9,,,,,,,,,,,,
NR111703-PCS-OA  Pasha,7,0,3,0,0,,,,,,,,,,,,
NR111704-PCS-OA  Pasha,0,0,0,11,11,,,,,,,,,,,,
NR105401-GBS-RW Farmhouse,4,7,0,0,2,,,,,,,,,,,,
NR105402-GCS-RW Farmhouse,9,0,0,9,15,,,,,,,,,,,,
NR105403-GBS-GR Farmhouse,0,4,0,4,0,,,,,,,,,,,,
NR105404-GCS-GR Farmhouse,7,4,0,14,14,,,,,,,,,,,,
NR113801-PBS-BR Hampton Bar,0,4,0,1,,,,,,,,,,,,,
NR113802-PCS-BR Hampton Ctr,5,0,8,5,,,,,,,,,,,,,
NR113803-PBS-WH Hampton Bar,0,5,1,0,,,,,,,,,,,,,
NR113804-PCS-WH Hampton CTR,7,0,7,9,,,,,,,,,,,,,
NR114001-PBS-BR Manhattan Bar,0,0,5,0,2,,,,,,,,,,,,
NR114002-PCS-BR Manhattan CTR,0,2,0,0,,,,,,,,,,,,,
NR114003-PBS-GR Manhattan Bar,0,0,0,0,4,,,,,,,,,,,,
NR144004-PCS-GR Manhattan CTR,0,4,4,0,15,,,,,,,,,,,,
NR101109-FCS-WO Ellis Oak Bar,0,0,0,0,6,,,,,,,,,,,,
NR101110-FBS-WO Ellis Oak CTR,0,0,0,0,40,,,,,,,,,,,,
NR115305-FBS-BK Leena Bar,0,0,0,0,,,,,,,,,,,,,
NR115306-FCS-BK Leena CTR,0,0,0,0,,,,,,,,,,,,,
NR115505-FCS-BK Hannah Bar,0,0,0,0,13,,,,,,,,,,,,
NR115506-FBS-BK Hannah CTR,0,0,0,0,,,,,,,,,,,,,
NR115605-FCS-BK Archer Bar,0,0,0,0,3,,,,,,,,,,,,
NR115606-FBS-BK Archer CTR,0,0,0,0,6,,,,,,,,,,,,
NR115751-WDC-BK Zia BLK,0,0,0,0,,,,,,,,,,,,,
NR115752-WDC-BR Zia BRN,0,0,0,0,63,,,,,,,,,,,,
NR115811-WDC-BK Archer DIN BLK,0,0,0,0,0,,,,,,,,,,,,
NR115812-WDC-BR Archer DIN BR,0,0,0,0,0,,,,,,,,,,,,
NR115351-WDC-BK Leena DIN BLK,0,0,0,0,12,,,,,,,,,,,,
,,,,,,,,,,,,,,,,,
Sku 2025,Jan,Feb,Mar,Apr,May,Jun,Jul,Aug,Sept,Oct,Nov,Dec,TOTAL SALES,Avg per mo,On Hand 1/1/25,Months of supply,
4560-TRF,12,17,13,11,4,8,3,6,7,3,10,5,99,8,82,,
4570-WHT,20,17,15,20,23,11,22,20,6,8,10,8,180,15,16,,
5000-002,34,28,30,20,11,8,12,11,13,10,9,8,194,16,127,,
5000-163,33,13,21,26,25,41,26,26,26,28,24,21,310,26,19,,
5000-166,12,6,6,9,8,9,4,5,4,5,1,4,73,6,1,,
5020-002,4,0,3,3,5,5,5,6,7,3,0,7,48,4,96,,
5020-163,0,1,10,8,4,9,13,14,10,8,14,22,113,9,142,,
5020-166,6,6,2,0,2,7,8,6,6,2,7,2,54,5,68,,
6002-ESP,18,13,15,7,6,4,4,5,9,4,9,9,103,9,181,,
6002-OWB,7,6,4,6,9,3,4,1,7,8,9,4,68,6,115,,
6002-CHS,23,22,21,13,12,7,10,14,12,10,12,18,174,15,156,,
6002-WHT,5,2,2,4,1,5,0,2,3,2,3,2,31,3,125,,
NR100121-PBS-EP,3,1,2,2,5,3,3,0,2,3,0,15,39,3,130,,
NR100122-PCS-EP,13,30,29,20,0,20,11,7,5,8,1,13,157,13,64,,
NR100123-PBS-EP,9,7,11,9,3,8,5,8,8,12,7,7,94,8,155,,
NR100124-PCS-EP,9,19,10,16,17,4,18,26,50,10,9,17,205,17,275,,
NR100127-PBS-EP,24,8,14,20,0,22,10,15,4,7,19,13,156,13,41,,
NR100128-PCS-EP,19,9,9,17,8,9,14,8,12,14,19,33,171,14,101,,
NR100131-PBS-EP,6,6,7,15,14,6,9,4,9,1,0,12,89,7,125,,
NR100132-PCS-EP,2,3,17,6,17,16,17,8,9,8,9,29,141,12,180,,
NR100133-FBS-AW,31,23,8,14,13,13,7,2,9,12,6,22,160,13,304,,
NR100134-FCS-AW,108,66,99,59,51,61,54,45,48,62,37,61,751,63,1896,,
NR100151-FBS-WN,15,2,4,6,6,7,10,10,14,4,18,11,107,9,43,,
NR100152-FCS-WN,22,21,27,9,8,22,37,27,27,19,23,21,263,22,324,,
NR100153-FBS-WG,12,10,7,10,11,11,5,11,5,1,19,17,119,10,66,,
NR100154-FCS-WG,39,24,26,11,14,19,6,10,24,30,48,38,289,24,445,,
NR1004PU-17-MH   Chapman Walnut,227,275,257,266,178,261,195,247,226,198,221,294,2845,237,888,,
NR1004FU-18-AW  Chapman White,83,97,150,168,103,141,158,126,149,107,131,144,1557,130,264,,
NR1004FU-203/204-OA   Chapman Oak,25,17,33,42,57,13,33,21,44,30,26,58,399,33,0,,
NR1004FU-191/192-GR  Chapman Grey,21,63,63,59,65,105,123,54,90,61,84,83,871,73,191,,
NR104851-FBS-HS,7,0,0,0,2,0,0,0,0,0,0,0,9,1,0,,
NR104852-FCS-HS,96,74,101,79,72,63,67,31,71,76,30,34,794,66,270,,
NR104853-FBS-DI,210,23,5,25,0,10,10,9,5,5,0,5,307,26,0,,
NR104854-FCS-DI,27,9,20,34,16,30,29,18,16,17,19,37,272,23,47,,
NR107181/182-MH  Backless Walnut,135,92,3,66,57,85,75,68,68,39,108,137,933,78,590,,
NR107183/184-AW  Backless White,191,134,154,151,126,138,147,117,162,125,101,94,1640,137,202,,
NR326708-MMT-AS,11,9,6,5,8,10,3,2,3,4,6,13,80,7,251,,
NR326708-MMT-BZ,20,21,4,6,8,13,7,13,12,11,13,37,165,14,384,,
NR326708-MMT-BLK,1,5,3,3,5,6,8,7,4,4,6,5,57,5,47,,
NR1048FB-05AW  Avery,21,18,15,16,16,37,25,6,15,4,8,24,205,17,75,,
NR1048-FC-06AW Avery,103,73,108,118,87,78,82,67,51,32,26,35,860,72,474,,
NR1108PU-01MH  Manchester,28,28,38,8,39,49,24,31,10,2,36,78,371,31,84,,
NR1108FU-01AW  Manchester,26,26,20,25,51,28,26,24,48,5,9,27,315,26,162,,
NR1101PB-01AW  Ellis,4,0,2,4,1,0,14,4,0,0,6,7,42,4,54,,
NR1101PC-02AW  Ellis,15,13,18,12,0,13,33,12,9,9,12,7,153,13,22,,
NR1105FB-01BZ  Mina,22,21,37,21,19,40,23,51,55,36,41,39,405,34,93,,
NR1105FC-02BZ  Mina,127,95,87,101,128,103,138,93,111,128,105,98,1314,110,390,,
NR107161-FUN-GR   Backless OA,61,35,56,77,54,44,77,52,68,32,43,70,669,56,0,,
NR107162-FUN-OA  Backless GR,80,71,99,77,32,68,54,57,82,64,35,57,776,65,247,,
NR111801-FUN-AW  Emily,20,17,19,29,12,1,15,19,37,19,18,21,227,19,22,,
NR111802-FUN-GR   Emily,30,5,7,7,2,3,5,5,15,9,20,20,128,11,133,,
NR112701-FUN-AW  Tiffany,0,3,1,4,0,0,0,0,0,0,10,7,25,2,184,,
NR112702-PUN-MH  Tiffany,3,5,9,15,14,6,15,10,2,7,14,0,100,8,0,,
NR113101-FUN-AW  Charleston,9,19,19,25,15,17,19,14,30,6,32,13,218,18,39,,
NR113102-FUN-GR Charleston,12,3,8,5,3,0,6,5,4,11,0,6,63,5,158,,
NR105553-FBS-       Stella,2,5,0,4,3,2,0,0,2,6,0,2,26,2,173,,
NR105554-FCS-       Stella,0,4,5,0,6,1,4,0,2,6,3,2,33,3,153,,
NR111701-PBS-AW  Pasha AW,3,3,1,0,11,0,0,0,4,6,11,10,49,4,182,,
NR111702-PCS-AW  Pasha AW,5,5,9,27,15,20,16,10,15,18,3,34,177,15,7,,
NR111703-PCS-OA  Pasha OA,0,7,2,6,0,3,11,13,4,12,0,4,62,5,108,,
NR111704-PCS-OA  Pasha OA,7,12,8,2,9,8,11,22,17,12,17,19,144,12,2,,
NR105401-GBS-RW Farmhouse RW,5,0,0,4,10,0,9,5,0,12,9,4,58,5,112,,
NR105402-GCS-RW Farmhouse RW,8,8,7,13,8,16,18,21,0,19,17,0,135,11,0,,
NR105403-GBS-GR Farmhouse GR,0,0,0,3,7,8,1,3,1,15,4,5,47,4,130,,
NR105404-GCS-GR Farmhouse GR,13,0,5,13,3,0,15,5,10,1,15,8,88,7,80,,
,,,,,,,,,,,,,,,,,
Sku 2024,Jan,Feb,Mar,Apr,May,Jun,Jul,Aug,Sept,Oct,Nov,Dec,TOTAL SALES,Avg per mo,On Hand 1/1/24,Months of supply,
4560-TRF,11,14,18,13,9,7,9,15,14,11,19,8,148,,,,
4570-WHT,42,33,18,21,4,21,18,27,21,24,24,31,284,,,,
5000-002,36,20,22,27,25,22,35,52,33,9,24,20,325,,,,
5000-163,37,24,20,20,21,10,30,38,2,7,25,20,254,,,,
5000-166,25,11,14,8,12,12,14,10,8,17,6,8,145,,,,
5020-002,5,13,4,12,3,1,8,9,3,5,5,1,69,,,,
5020-163,12,7,4,14,21,18,19,22,22,2,22,1,164,,,,
5020-166,10,6,7,3,7,6,3,74,5,4,3,3,131,,,,
6002-ESP,8,0,0,13,9,5,8,12,10,8,15,18,106,,,,
6002-OWB,22,14,11,4,3,2,10,7,12,7,6,18,116,,,,
6002-CHS,7,0,1,11,12,10,7,13,20,16,16,18,131,,,,
6002-WHT,10,4,7,8,4,5,4,4,6,8,4,4,68,,,,
NR100121-PBS-EP,7,9,8,0,12,9,6,10,5,2,4,7,79,,,,
NR100122-PCS-EP,12,16,22,4,0,0,0,1,10,3,18,29,115,,,,
NR100123-PBS-EP,21,9,8,12,20,21,1,14,2,5,12,4,129,,,,
NR100124-PCS-EP,32,16,20,20,12,32,24,25,19,7,15,15,237,,,,
NR100127-PBS-EP,9,10,16,5,11,17,7,19,4,11,12,21,142,,,,
NR100128-PCS-EP,16,15,19,16,16,31,11,22,28,9,15,25,223,,,,
NR100131-PBS-EP,10,17,11,41,9,14,4,9,2,14,19,4,154,,,,
NR100132-PCS-EP,17,15,28,27,14,14,11,11,6,3,12,12,170,,,,
NR100133-FBS-AW,48,29,10,35,33,34,42,35,39,27,51,16,399,,,,
NR100134-FCS-AW,223,125,167,128,7,32,233,172,165,130,164,134,1680,,,,
NR100151-FBS-WN,7,7,18,1,3,2,8,14,0,3,2,2,67,,,,
NR100152-FCS-WN,52,35,42,36,4,5,18,22,43,40,64,44,405,,,,
NR100153-FBS-WG,15,8,17,3,0,2,0,8,0,0,1,11,65,,,,
NR100154-FCS-WG,54,37,26,24,8,0,14,34,40,32,57,61,387,,,,
NR1004PU-17-MH   Chapman Walnut,277,300,180,207,155,152,190,216,15,34,189,258,2173,,,,
NR1004FU-18-AW  Chapman White,245,187,213,169,161,66,130,98,141,135,234,33,1812,,,,
NR1004FU-203/204-OA   Chapman Oak,0,27,42,59,69,20,35,22,49,48,53,52,476,,,,
NR1004FU-191/192-GR  Chapman Grey,0,147,122,133,7,2,5,39,41,81,86,7,670,,,,
NR104851-FBS-HS,20,28,5,11,34,10,34,26,17,6,11,46,248,,,,
NR104852-FCS-HS,65,24,38,26,63,52,52,100,64,50,102,84,720,,,,
NR104853-FBS-DI,9,5,8,12,15,10,0,2,1,9,22,10,103,,,,
NR104854-FCS-DI,29,37,24,17,42,30,8,22,33,40,49,17,348,,,,
NR107181/182-MH  Backless Walnut,8,88,60,6,62,44,90,107,72,134,167,157,995,,,,
NR107183/184-AW  Backless White,153,195,159,200,86,25,67,35,113,48,161,162,1404,,,,
NR326708-MMT-AS,35,28,20,22,18,13,14,8,18,10,7,23,216,,,,
NR326708-MMT-BZ,70,48,40,38,8,12,32,28,24,27,28,44,399,,,,
NR326708-MMT-BLK,0,0,0,0,0,0,1,1,3,2,1,1,9,,,,
NR1048FB-05AW  Avery,21,17,4,23,17,12,21,31,26,30,34,31,267,,,,
NR1048-FC-06AW Avery,119,93,66,3,65,53,73,82,117,87,131,100,989,,,,
NR1108PU-01MH  Manchester,26,25,16,19,12,32,12,34,30,35,20,23,284,,,,
NR1108FU-01AW  Manchester,17,4,11,34,15,10,19,37,27,17,22,15,228,,,,
NR1101PB-01AW  Ellis,0,2,1,3,5,5,0,2,1,6,3,0,28,,,,
NR1101PC-02AW  Ellis,0,0,14,13,3,19,8,10,11,14,8,17,117,,,,
NR1105FB-01BZ  Mina,13,56,74,76,80,95,19,2,71,54,4,13,557,,,,
NR1105FC-02BZ  Mina,45,214,215,3,224,275,251,357,303,293,234,203,2617,,,,
NR107161-FUN-GR   Backless OA,0,5,74,59,0,3,29,64,55,70,96,80,535,,,,
NR107162-FUN-OA  Backless GR,0,35,35,133,4,12,19,32,53,66,137,121,647,,,,
NR111801-FUN-AW  Emily,0,0,0,0,2,8,16,10,16,30,15,13,110,,,,
NR111802-FUN-GR   Emily,0,0,0,0,0,9,0,1,10,11,11,18,60,,,,
NR112701-FUN-AW  Tiffany,0,0,0,0,2,3,24,37,0,7,34,19,126,,,,
NR112702-PUN-MH  Tiffany,0,0,0,0,1,0,0,4,11,16,16,10,58,,,,
NR113101-FUB-AW  Charleston,0,0,0,0,0,0,0,0,0,0,0,6,6,,,,
NR105553-FBS-       Stella,0,0,0,0,0,0,0,0,9,0,0,2,11,,,,
NR105554-FCS-       Stella,0,0,0,0,0,6,4,1,4,0,2,3,20,,,,
NR111701-PBS-AW  Pasha AW,0,0,0,0,0,0,0,0,2,2,3,0,7,,,,
NR111702-PCS-AW  Pasha AW,0,0,0,0,0,0,0,6,11,11,7,10,45,,,,
NR111703-PCS-OA  Pasha OA,0,0,0,0,0,0,0,3,3,0,5,0,11,,,,
NR111704-PCS-OA  Pasha OA,0,0,0,0,0,0,0,5,0,9,4,9,27,,,,
NR105401-GBS-RW Farmhouse RW,0,0,0,0,0,0,0,0,4,0,11,0,15,,,,
NR105402-GCS-RW Farmhouse RW,0,0,0,0,0,0,0,0,7,0,12,14,33,,,,
NR105403-GBS-GR Farmhouse GR,0,0,0,0,0,0,0,0,0,0,0,0,0,,,,
NR105404-GCS-GR Farmhouse GR,0,0,0,0,0,0,0,0,6,0,1,1,8,,,,
,,,,,,,,,,,,,,,,,
Sku 2023,Jan,Feb,Mar,Apr,May,Jun,Jul,Aug,Sept,Oct,Nov,Dec,TOTAL SALES,Avg per mo,On Hand 1/1/23,Months of supply,
2022-CHS,6,6,3,5,3,4,5,4,0,2,5,7,50,4,,0,
2022-ESP,4,2,2,0,1,1,0,4,1,0,0,6,21,2,,0,
2022-WHT,2,6,8,2,2,3,8,6,3,6,5,2,53,4,,0,
2025-CHS,18,14,25,4,11,10,9,11,18,6,12,6,144,12,,0,
2025-ESP,7,8,4,3,17,10,8,5,2,8,6,0,78,7,,0,
2025-WHT,19,10,26,11,9,17,16,13,11,2,5,3,142,12,,0,
2026-CHS,14,9,14,5,7,10,10,3,13,10,8,10,113,9,,0,
2026-ESP,13,6,12,13,10,12,6,17,9,6,15,16,135,11,,0,
2026-WHT,24,22,15,16,24,13,16,14,7,10,11,19,191,16,,0,
2027-CHS,4,3,5,6,13,8,2,5,3,6,4,4,63,5,,0,
2027-ESP,8,4,8,3,3,5,4,6,2,2,6,1,52,4,,0,
2027-WHT,7,0,6,4,6,10,3,5,5,2,2,0,50,4,,0,
2029-CHS,10,5,9,5,7,10,10,14,13,17,14,8,122,10,,0,
2029-ESP,13,9,12,19,29,48,28,19,20,46,24,11,278,23,,0,
2029-WHT,21,8,9,10,7,13,9,10,15,21,17,6,146,12,,0,
2201-ESP,5,1,0,4,7,2,9,26,40,41,59,44,238,20,,0,
2201-WHT,3,1,1,6,10,13,7,67,66,56,21,0,251,21,,0,
2207-ESP,7,6,1,4,6,5,7,3,10,7,14,8,78,7,,0,
2214-CHS,5,10,10,10,1,4,6,6,10,9,10,11,92,8,,0,
2214-ESP,10,6,11,10,10,7,6,5,2,9,9,12,97,8,,0,
2214-WHT,9,5,7,15,2,10,8,10,11,6,6,5,94,8,,0,
2219-CHS,9,4,4,6,5,6,3,0,7,0,0,3,47,4,,0,
2219-ESP,18,14,5,12,10,7,3,3,5,3,5,8,93,8,,0,
2219-WHT,15,12,20,14,15,13,11,11,6,7,3,7,134,11,,0,
2224-CHS,87,127,23,77,102,4,27,98,89,154,138,0,926,77,,0,
2224-ESP,64,84,95,72,68,162,70,67,103,87,58,0,930,78,,0,
2224-WHT,101,90,70,100,87,2,16,67,49,64,76,0,722,60,,0,
2227-CHS,23,22,16,23,28,21,16,20,21,32,53,27,302,25,,0,
2227-ESP,22,15,14,15,19,31,13,13,15,15,26,13,211,18,,0,
2227-WHT,24,13,12,13,9,17,16,23,20,13,32,14,206,17,,0,
4560-TRF,32,35,34,26,22,35,23,21,18,1,26,8,281,23,,0,
4570-WHT,49,38,35,38,24,42,36,34,37,39,53,36,461,38,,0,
5000-002,65,41,44,38,36,35,37,37,28,46,33,30,470,39,,0,
5000-163,38,17,24,21,21,27,21,18,28,33,37,20,305,25,,0,
5000-166,22,21,14,18,10,15,12,15,8,17,12,7,171,14,,0,
5020-002,10,3,9,6,2,5,4,8,8,8,5,9,77,6,,0,
5020-163,21,15,10,6,7,11,10,9,9,9,13,9,129,11,,0,
5020-166,27,27,31,13,14,16,9,12,12,7,8,3,179,15,,0,
5021-002,1,1,2,6,6,8,2,18,21,0,0,0,65,5,,0,
5021-166,3,1,4,6,9,1,1,4,11,13,11,3,67,6,,0,
NR100121-PBS-EP,7,0,4,0,0,6,4,5,9,22,10,5,72,6,,0,
NR100122-PCS-EP,18,46,19,18,26,9,5,11,15,32,33,23,255,21,,0,
NR100123-PBS-EP,12,4,1,0,0,1,8,14,2,14,7,23,86,7,,0,
NR100124-PCS-EP,21,12,20,26,27,49,22,16,0,32,21,21,267,22,,0,
NR100127-PBS-EP,148,9,0,0,0,5,29,19,13,9,12,9,253,21,,0,
NR100128-PCS-EP,0,4,45,51,11,8,7,30,33,25,17,26,257,21,,0,
NR100131-PBS-EP,116,7,0,0,0,10,11,9,4,11,24,7,199,17,,0,
NR100132-PCS-EP,16,6,20,20,37,20,14,24,3,20,25,23,228,19,,0,
NR100133-FBS-AW,250,66,71,82,76,109,67,46,48,80,56,49,1000,83,,0,
NR100134-FCS-AW,366,362,463,268,483,476,357,278,275,343,383,298,4352,363,,0,
NR100151-FBS-WN,22,20,17,27,2,17,21,13,11,11,22,12,195,16,,0,
NR100152-FCS-WN,78,81,71,79,72,118,125,154,150,73,19,44,1064,89,,0,
NR100153-FBS-WG,21,5,28,8,15,22,36,26,14,7,10,17,209,17,,0,
NR100154-FCS-WG,61,14,32,50,33,81,145,80,33,79,117,54,779,65,,0,
NR1004PU-17-MH,249,114,317,51,56,212,240,347,259,300,399,286,2830,236,,0,
NR1004FU-18-AW,43,161,270,241,60,303,271,262,215,254,428,714,3222,269,,0,
NR104851-FBS-HS,14,17,28,8,7,17,17,12,31,12,28,31,222,19,,0,
NR104852-FCS-HS,32,51,32,14,28,97,87,62,5,37,119,86,650,54,,0,
NR104853-FBS-DI,3,1,0,9,10,13,14,18,27,27,30,12,164,14,,0,
NR104854-FCS-DI,37,28,25,14,22,33,21,31,51,38,64,27,391,33,,0,
NR107181/182-MH,41,40,41,62,85,142,62,54,82,117,167,126,1019,85,,0,
NR107183/184-AW ,123,109,9,122,163,9,0,45,116,185,186,126,1193,99,,0,
NR326708-MMT-AS,40,35,35,40,31,25,13,28,28,30,30,23,358,30,,0,
NR326708-MMT-BZ,159,101,88,70,56,54,41,50,47,77,95,65,903,75,,0,
72079-255,3,0,4,1,16,9,2,14,5,0,0,0,54,5,,0,
6002-ESP,6,5,7,6,8,10,9,7,31,30,53,49,221,18,,0,
6002-OWB,13,8,8,9,8,7,8,14,16,18,21,20,150,13,,0,
6002-CHS,19,16,15,25,13,1,15,23,28,48,61,42,306,26,,0,
6002-WHT,1,1,5,3,4,12,12,18,3,0,6,11,76,6,,0,
NR1048FB-05AW,0,22,33,18,27,26,39,45,32,18,46,9,315,26,,0,
NR1048-FC-06AW,0,126,68,0,71,142,95,81,128,148,118,93,1070,89,,0,
NR1108PU-01MH,0,0,0,0,0,0,0,0,5,4,12,22,43,4,,,
NR1108FU-01AW,0,0,0,0,0,0,0,0,8,13,20,16,57,5,,,
NR1101PB-01AW,0,0,0,0,0,0,0,0,0,0,0,0,0,0,,,
NR1101PC-02AW,0,0,0,0,0,0,0,0,0,0,0,0,0,0,,,
U3671-05-09,0,0,4,1,7,8,4,8,14,3,7,0,56,5,,0,
U3543-05-08,0,0,9,8,8,6,4,7,1,2,4,0,49,4,,0,
U3880-04-04,0,2,2,3,3,28,28,7,10,10,5,6,104,9,,0,
U3880-04-09,0,9,8,8,11,33,40,0,0,0,2,5,116,10,,0,
,,,,,,,,,,,,,,,,,
,,,,,,,,,,,,,,,,,
SKU 2021,Jan,Feb,Mar,Apr,May,Jun,Jul,Aug,Sept,Oct,Nov,Dec,Avg per mo,Avg Per Yr,On Hand 1/1/22,Months of supply,
2022-CHS,23,2,5,24,15,21,12,2,4,2,10,4,10,120,79,7.90,
2022-ESP,19,6,12,8,5,5,0,0,4,4,6,3,6,72,83,13.83,
2022-WHT,0,0,8,16,16,10,14,13,10,13,11,3,10,120,137,13.70,
2025-CHS,20,36,30,42,34,31,27,33,29,29,37,18,31,372,175,5.65,
2025-ESP,12,29,29,33,22,18,21,17,11,14,17,13,20,240,269,13.45,
2025-WHT,27,62,77,65,50,51,47,45,34,20,18,17,43,516,116,2.70,
2026-CHS,20,37,67,75,72,55,35,11,19,20,22,21,37,444,161,4.35,
2026-ESP,24,16,28,22,19,23,24,30,16,5,10,4,18,216,288,16.00,
2026-WHT,22,18,34,35,27,65,65,65,51,27,21,27,38,456,99,2.61,
2027-CHS,6,23,20,24,14,22,16,65,12,6,8,7,19,228,130,6.84,
2027-ESP,29,30,29,21,12,2,2,16,0,3,3,4,13,156,140,10.77,
2027-WHT,5,16,24,23,15,14,23,17,11,22,19,11,17,204,122,7.18,
2029-CHS,34,42,68,79,67,104,28,70,33,21,15,20,48,576,203,4.23,
2029-ESP,11,19,37,38,21,38,44,29,27,24,12,13,26,312,294,11.31,
2029-WHT,19,38,48,42,29,51,62,77,32,33,25,15,39,468,205,5.26,
2201-ESP,7,15,23,15,18,13,27,25,10,7,7,6,14,168,183,13.07,
2201-WHT,33,64,45,44,46,66,76,72,33,23,20,14,44,528,138,3.14,
2207-CHS,3,0,3,4,5,13,6,3,13,6,9,3,6,72,34,5.67,
2207-ESP,0,0,0,3,3,3,6,7,3,4,2,3,3,36,68,22.67,
2207-WHT,0,0,5,5,4,13,4,15,5,3,2,6,5,60,78,15.60,
2214-CHS,7,3,17,13,5,8,8,7,6,1,4,6,7,84,147,21.00,
2214-ESP,16,18,18,16,12,17,13,34,15,20,13,17,17,204,67,3.94,
2214-WHT,18,13,14,30,18,9,8,5,2,5,6,7,11,132,70,6.36,
2219-CHS,11,14,26,9,10,7,7,20,12,6,0,0,10,120,0,0.00,
2219-ESP,8,14,17,6,15,12,14,14,12,0,0,0,9,108,0,0.00,
2219-WHT,8,11,22,16,27,29,27,33,26,0,0,0,17,204,0,0.00,
2224-CHS,1,0,0,0,2,1,0,10,63,32,91,3,40,480,0,0.00,
2224-ESP,0,0,0,0,0,0,0,18,51,34,82,13,40,480,0,0.00,
2224-WHT,0,0,0,0,0,0,0,5,32,51,52,61,40,480,0,0.00,
2227-CHS,28,33,62,59,52,24,0,31,35,50,57,33,39,468,95,2.44,
2227-ESP,22,19,31,44,54,83,0,9,24,29,26,18,30,360,105,3.50,
2227-WHT,20,28,36,56,45,55,23,8,25,25,34,14,31,372,108,3.48,
4560-TRF,40,31,24,39,17,24,14,28,12,11,15,4,22,264,6,0.27,
4570-WHT,32,38,48,59,47,44,39,40,31,18,23,7,35,420,1,0.03,
5000-002,0,0,15,46,52,70,18,63,58,71,8,1,40,480,0,0.00,
5000-163,0,0,0,6,13,25,6,2,18,25,34,37,18,216,77,4.28,
5000-166,0,0,1,12,13,18,44,29,26,38,43,29,28,336,195,6.96,
5010-002,1,3,7,5,11,12,2,13,5,5,3,7,6,72,58,9.67,
5010-163,0,6,3,2,2,6,1,0,1,1,0,4,2,24,121,60.50,
5010-166,3,4,6,5,4,9,3,4,0,3,5,1,4,48,97,24.25,
5020-002,27,59,62,50,48,37,29,31,26,12,20,24,35,420,178,5.09,
5020-163,7,1,18,42,37,28,24,30,22,24,31,28,24,288,121,5.04,
5020-166,43,56,36,91,89,80,1,49,42,53,41,48,52,624,97,1.87,
5021-002,,,,,,,,,0,0,0,0,0,0,153,#DIV/0!,
5021-163,,,,,,,,,0,0,0,0,0,0,150,#DIV/0!,
5021-166,,,,,,,,,0,0,0,0,0,0,245,#DIV/0!,
NR100121-PBS-EP,0,0,0,6,0,6,6,9,15,9,10,18,9,108,130,14.44,
NR100122-PCS-EP,0,0,0,0,0,7,9,10,9,11,15,18,11,132,227,20.64,
NR100123-PBS-EP,0,0,0,16,0,8,8,0,8,11,13,5,8,96,139,17.38,
NR100124-PCS-EP,0,0,0,0,0,28,6,0,8,10,10,12,11,132,226,20.55,
NR100127-PBS-EP,0,0,0,0,0,0,0,4,0,8,0,9,4,48,187,46.75,
NR100128-PCS-EP,0,0,8,4,2,1,23,6,5,8,22,16,10,120,203,20.30,
NR100131-PBS-EP,0,0,0,0,0,8,3,2,0,6,7,9,5,60,171,34.20,
NR100132-PCS-EP,0,0,0,0,0,9,0,7,19,7,20,15,11,132,221,20.09,
NR100133-FBS-AW,40,81,145,126,148,82,110,58,9,0,0,0,89,1068,0,0.00,
NR100134-FCS-AW,455,276,19,134,0,281,191,371,311,336,495,450,425,5100,87,0.20,
NR100151-FBS-WN,34,33,63,122,33,46,27,31,29,29,33,52,44,528,121,2.75,
NR100152-FCS-WN,77,102,170,261,174,170,85,90,52,0,0,0,131,1572,0,0.00,
NR100153-FBS-WG,41,52,66,104,87,44,22,48,24,10,13,34,45,540,144,3.20,
NR100154-FCS-WG,51,83,120,155,100,151,51,62,49,50,54,38,80,960,369,4.61,
NR100431-PBS-MH,0,52,108,158,233,45,102,186,139,111,105,23,114,1368,0,0.00,
NR100432-PCS-MH,0,179,87,174,158,65,105,269,169,237,119,2,156,1872,0,0.00,
NR101054-FCS-WV,0,0,1,22,22,12,18,21,11,0,0,6,11,132,79,7.18,
NR104851-FBS-HS,10,34,46,58,29,33,26,53,20,25,20,0,32,384,0,0.00,
NR104852-FCS-HS,72,33,62,104,76,138,64,84,52,0,0,0,76,912,0,0.00,
NR104853-FBS-DI,34,24,40,46,30,35,21,18,9,44,36,23,30,360,93,3.10,
NR104854-FCS-DI,30,13,32,51,53,92,59,86,44,29,84,56,52,624,50,0.96,
NR107103-FBS-AW,6,72,119,103,92,68,0,141,54,76,81,37,72,864,185,2.57,
NR107104-FCS-AW,0,145,174,67,178,60,0,265,183,101,210,4,140,1680,0,0.00,
NR107181-PBS-MH,99,8,38,161,6,31,14,36,10,13,13,1,39,468,2,0.05,
NR107182-PCS-MH,169,31,41,112,14,45,25,40,28,7,0,1,51,612,2,0.04,
NR107183-FBS-AW,0,12,41,288,0,40,30,31,7,4,2,0,56,672,2,0.04,
NR107184-FCS-AW ,111,36,17,22,21,169,50,198,63,0,0,0,76,912,0,0.00,
NR223804-FSC-VS,0,3,5,4,0,7,5,7,20,12,27,40,21,252,66,3.14,
NR224701-FSC-AW,0,2,9,9,2,10,24,18,11,9,13,13,14,168,13,0.93,
NR224702-PSC-MH,0,0,3,7,15,14,19,42,23,5,0,0,19,228,2,0.11,
NR224902-FSC-HS,0,0,0,0,0,0,0,5,0,3,2,0,0,0,90,#DIV/0!,
NR326708-MMT-AS,63,97,148,149,31,0,26,79,70,157,0,72,125,1500,251,2.01,
NR326708-MMT-BZ,136,191,152,0,0,0,52,73,92,451,0,63,135,1620,541,4.01,
U3671-05-06,52,0,0,0,0,0,0,0,7,3,7,6,6,72,57,9.50,
Yellow = Dead SKU,,,,,,,,,,,,,,,,,
,,,,,,,,,,,,,,,,,
,,,,,,,,,,,,,,,,,
Sku 2022,Jan,Feb,Mar,Apr,May,Jun,Jul,Aug,Sept,Oct,Nov,Dec,TOTAL SALES,Avg per mo,On Hand 1/1/23,Months of supply,
2022-CHS,9,1,2,5,3,4,5,5,9,12,8,3,66,6,111,20,
2022-ESP,3,3,4,1,3,5,5,3,1,1,1,2,32,3,125,47,
2022-WHT,13,9,5,7,3,3,6,3,3,1,9,1,63,5,133,25,
2025-CHS,25,17,13,6,3,12,6,6,207,11,10,6,322,27,150,6,
2025-ESP,22,25,7,6,8,4,6,8,5,5,9,6,111,9,348,38,
2025-WHT,28,13,9,13,9,10,9,11,164,12,11,6,295,25,59,2,
2026-CHS,27,18,18,18,9,16,15,23,18,11,11,8,192,16,231,14,
2026-ESP,5,11,6,5,8,10,4,7,8,3,4,8,79,7,370,56,
2026-WHT,28,17,19,18,28,19,15,18,24,27,21,9,243,20,121,6,
2027-CHS,17,8,8,7,6,6,3,3,12,11,7,10,98,8,82,10,
2027-ESP,15,8,6,10,2,4,6,2,11,6,8,2,80,7,105,16,
2027-WHT,12,3,15,4,6,8,13,11,15,11,12,9,119,10,105,11,
2029-CHS,18,12,19,16,12,7,14,16,12,8,8,9,151,13,249,20,
2029-ESP,8,7,11,5,6,2,8,3,5,11,12,4,82,7,287,42,
2029-WHT,14,15,10,15,14,10,6,8,11,11,11,8,133,11,270,24,
2201-ESP,4,3,3,2,2,3,1,2,1,3,2,5,31,3,323,125,
2201-WHT,12,13,4,11,7,6,14,5,5,15,15,9,116,10,247,26,
2207-CHS,11,7,11,6,5,4,6,4,6,2,10,,72,6,40,7,
2207-ESP,1,3,4,2,1,3,2,2,2,1,1,7,29,2,114,47,
2207-WHT,10,5,5,2,2,2,4,0,6,0,0,,36,3,0,0,
2214-CHS,4,6,2,5,8,3,7,6,6,3,7,2,59,5,89,18,
2214-ESP,18,9,18,19,11,12,6,9,22,14,19,9,166,14,60,4,
2214-WHT,10,4,8,6,8,8,13,12,10,5,16,5,105,9,104,12,
2219-CHS,0,0,4,11,5,3,7,4,4,64,13,8,123,10,78,8,
2219-ESP,0,0,3,7,7,10,15,11,16,14,17,15,115,10,87,9,
2219-WHT,0,0,13,13,13,30,18,14,25,18,19,15,178,15,47,3,
2224-CHS,0,0,36,57,49,66,27,72,75,0,156,43,581,48,0,0,
2224-ESP,0,0,11,15,16,26,22,27,55,14,83,116,385,32,0,0,
2224-WHT,0,0,23,30,41,35,44,39,49,18,46,76,401,33,70,2,
2227-CHS,48,42,24,40,22,13,19,16,18,21,28,24,315,26,160,6,
2227-ESP,43,27,34,38,33,41,33,17,30,24,25,12,357,30,105,4,
2227-WHT,45,26,15,19,11,14,17,12,22,25,26,8,240,20,220,11,
4560-TRF,13,8,15,14,13,5,7,16,8,14,12,16,141,12,155,13,
4570-WHT,15,13,27,34,17,24,16,15,20,5,22,22,230,19,122,6,
5000-002,0,1,48,41,28,48,41,53,56,41,63,35,455,38,79,2,
5000-163,63,14,1,2,13,15,25,25,26,22,38,33,277,23,89,4,
5000-166,49,49,31,17,33,20,23,20,16,9,14,6,287,24,176,7,
5010-002,1,3,4,6,5,1,2,2,28,1,1,2,56,5,5,1,
5010-163,5,2,1,2,1,0,3,0,100,3,1,1,119,10,2,0,
5010-166,0,0,1,1,0,0,0,7,81,3,2,,95,8,4,1,
5020-002,32,16,9,6,5,8,11,8,5,7,10,7,124,10,264,26,
5020-163,28,20,24,8,15,17,16,14,20,16,13,13,204,17,172,10,
5020-166,72,5,16,17,33,32,17,19,10,10,13,5,249,21,131,6,
5021-002,1,7,6,3,2,10,4,1,32,4,2,3,75,6,70,11,
5021-163,4,9,16,7,4,8,9,4,54,2,6,2,125,10,16,2,
5021-166,3,3,7,4,4,1,3,1,38,2,2,2,70,6,182,31,
NR100121-PBS-EP,33,4,6,11,4,0,3,13,3,0,11,9,97,8,27,3,
NR100122-PCS-EP,15,8,24,13,4,1,0,9,11,15,28,9,137,11,90,8,
NR100123-PBS-EP,9,16,15,7,2,11,5,1,10,8,24,15,123,10,23,2,
NR100124-PCS-EP,22,16,18,26,6,8,2,2,6,6,36,14,162,14,64,5,
NR100127-PBS-EP,5,1,8,26,0,2,3,0,0,4,6,1,56,5,158,34,
NR100128-PCS-EP,16,15,17,27,12,19,11,8,15,20,37,10,207,17,0,0,
NR100131-PBS-EP,8,1,0,0,2,8,9,3,8,7,7,6,59,5,114,23,
NR100132-PCS-EP,5,26,18,27,15,7,11,19,3,3,33,6,173,14,55,4,
NR100133-FBS-AW,17,89,89,71,74,27,34,37,45,64,66,140,753,63,749,12,
NR100134-FCS-AW,337,468,563,61,0,5,202,71,192,243,334,203,2679,223,3633,16,
NR100151-FBS-WN,25,18,22,24,33,7,7,14,28,39,27,18,262,22,227,10,
NR100152-FCS-WN,0,0,3,0,0,0,16,83,94,62,129,76,463,39,280,7,
NR100153-FBS-WG,32,6,6,21,13,3,31,11,24,33,42,44,266,22,37,2,
NR100154-FCS-WG,48,32,41,70,21,23,31,38,40,43,93,80,560,47,54,1,
NR104PU-17-MH,69,35,101,71,33,0,104,,279,346,183,,1221,102,0,0,
NR104FU-18-AW,97,66,109,77,63,85,102,115,181,261,101,,1257,105,0,0,
NR101054-FCS-WV,6,8,4,4,4,6,2,4,0,3,6,,47,4,22,6,
NR104851-FBS-HS,0,0,0,0,0,4,6,9,16,8,7,25,75,6,177,28,
NR104852-FCS-HS,0,0,0,0,0,3,12,27,36,41,82,65,266,22,99,4,
NR104853-FBS-DI,47,23,24,4,0,13,8,18,25,13,17,9,201,17,3,0,
NR104854-FCS-DI,53,0,0,4,0,6,42,45,17,14,33,43,257,21,160,7,
NR107181-PBS-MH,0,1,0,1,0,11,19,9,9,21,33,35,139,12,167,14,
NR107182-PCS-MH,2,0,3,0,0,37,6,14,58,39,93,29,281,23,41,2,
NR107183-FBS-AW,0,3,0,0,0,15,10,5,26,21,34,21,135,11,240,21,
NR107184-FCS-AW ,0,0,0,0,0,131,155,65,112,94,148,65,770,64,194,3,
NR326708-MMT-AS,122,101,29,0,0,50,68,57,40,44,55,93,659,55,838,15,
NR326708-MMT-BZ,218,185,131,0,0,62,81,66,93,44,98,167,1145,95,972,10,
72079-232,,,,,,,2,,5,1,4,5,17,1,42,30,
72079-255,,,,,,,2,,1,1,1,,5,0,53,127,
72154-232,,,,,,,2,,1,1,2,55,61,5,14,3,
72154-255,,,,,,,2,,1,0,3,50,56,5,18,4,
6002-ESP,,,,,,,,,40,3,6,4,53,4,41,9,
6002-OWB,,,,,,,,,40,3,2,5,50,4,50,12,
6002-CHS,,,,,,,,,0,3,3,5,11,1,87,95,
6002-WHT,,,,,,,,,40,0,3,6,49,4,47,12,